name,phone,address,city,state,zipcode,website
"Ameco Solar, Inc.",(562) 633-4400,7623 Somerset Blvd,Paramount, CA,90723,www.solarexpert.com
Armor Electric,(310) 773-9938,2110 Artesia Blvd,Redondo Beach, CA,90278,www.armorelectricsolar.com
Remodel USA,(310) 222-8662,2291 W. 205th St.,Torrance, CA,90501,www.remodelusa.com
Smart Solar,(310) 278-1999,311 N. Robertson,Beverly Hills, CA,90211,smartsolar.com
Harrison Electric,(562) 695-8321,11830 Camilla St.,Whittier, CA,90601,www.harrisonelectric.com
Ameritech Energy Solution,(323) 583-5949,8272 Compton Ave.,Los Angeles, CA,90001,www.ameritechinc.net
Express Electric Service Co,(323) 666-0801,3124 West Sunset Blvd.,Los Angeles, CA,90026,www.explectric.com
Crown Home Center,(310) 984-7647 ,1800 S. Robertson Blvd.,Los Angeles, CA,90035,www.crownhomecenter.com
California Solar Engineering,(323) 258-8883 ,820 Cynthia Ave.,Los Angeles, CA,90065,www.CalSolarEng.com
"Tecnospot Solar USA, Inc.",(310) 479-7744,1640 S. Sepulveda Blvd.,Los Angeles, CA,90025,www.tecnospotsolar.com
"Ramos Construction, Inc.",(310) 809-5018,1318 W. 131 St.,Compton, CA,90222,www.ramosconstructioninc.com
Independence Power,(213) 627-7200,1320 E Olympic Blvd ,Los Angeles, CA,90021,www.independencepower.com
"Gray Solar, Inc.",(213) 444-0123,112 West 9th St.,Los Angeles, CA,90015,Www.graysolar.com
Pacific Coast Electric Company,(213) 385-9395,2140 W. Olympic Blvd.,Los Angeles, CA,90006,www.pce4u.com
Solar Spark Electrical,(888) 232-1894 ,515 South Flower St.,Los Angeles, CA,90071,www.solarsparkelectrical.com
"SolarAlign, Inc.",(855) 200-0786,515 S Flower St.,Los Angeles, CA,90071,www.solaralign.com
BGreenLA,(213) 482-1888 ,1055 Wilshire Blvd.,Los Angeles, CA,90017,www.bgreenla.com
M. B. Herzog Electric,(562) 531-2002,15709 Illinois Ave.,Paramount, CA,90723,www.herzogelectric.com
Clean Earth Renewable Energy,(877) 203-3925,335 Manchester Blvd.,Inglewood, CA,90301,www.calcleanearth.com
Solarcon,(213) 703-5080,1106 S Bronson Ave.,Los Angeles, CA,90019,www.gosolarcon.com
Samwon Construction,(213) 384-7545,2500 Wilshire Blvd.,Los Angeles, CA,90057,www.samwonconstruction.com
J Y Construction Inc,(213) 568-3607,722 S Ardmore Ave.,Los Angeles, CA,90005,www.jycmi.net
Pacific Utility Inc.,(562) 803-9100,12211 Woodruff Ave.,Downey, CA,90241,www.pacutility.com
Solar-G Electric,(310) 676-4626,15621 Sombra Ave.,Lawndale, CA,90260,www.solar-g.net
Liv-Mod,(323) 243-6100,857 Hyperion Ave.,Los Angeles, CA,90029,www.Liv-Mod.com
Solar-G,(310) 406-4708,15621 Sombra Ave.,Lawndale, CA,90260,www.solar-g.net
KRC Enterprises Inc.,(562) 803-9100,12211 Woodruff Ave.,Downey, CA,90241,www.pacutility.com
D&L Electrical,(562) 422-8140,3129 E. 63rd St.,Long Beach, CA,90805,www.DandLelectrical.com
Absolutely Solar Inc.,(323) 665-3192,2146 Lemoyne St.,Los Angeles, CA,90026,www.absolutelysolar.us
White Oak,(424) 227-9512,5827 West 77th Pl.,Los Angeles, CA,90045,www.whiteoaksolar.com
SolarCity,(855) 860-7652,6334 Arizona Pl.,Los Angeles, CA,90045,www.solarcity.com
Solar IPD,(310) 939-7777,2281 - W. 190th St.,Torrance, CA,90504,www.solaripd.com
Permacity Construction Corp,(323) 692-9264,5570 W. Washington Blvd.,Los Angeles, CA,90016,www.permacity.com
S&F Electric,(323) 973-9357,1239 S. Spaulding Ave.,Los Angeles, CA,90019,www.sf-electric-inc.com
Endless Solar Electric,(714) 366-5569,4838 Graywood Ave.,Long Beach, CA,90808,www.myendlesssolar.com
SFR Solar,(310) 289-1555,1535 S La Cienega Blvd.,Los Angeles, CA,90035,sfrsolar.com
Metrocell Construction Inc,(714) 529-1123,8104 Freestone Ave.,Santa Fe Springs, CA,90670,www.metrocell.org
Lite Solar Corp,(562) 256-1249,3711 Long Beach Blvd.,Long Beach, CA,90807,www.litesolar.com
Tatkraft Solar,(310) 505-6410 ,2110 Artesia Blvd.,Redondo Beach , CA,90278.0,www.TatkraftSolar.com
"CSI Electrical Contractors, Inc",(562) 946-0700,10623 Fulton Wells Ave.,Santa Fe Springs, CA,90670,www.csielectric.com
Sun Electric,(310) 618-8860,901 Van Ness Ave.,Torrance, CA,90501,www.sunelectricinc.com
PDE Total Energy Solutions,(562) 204-3550,9970 Bell Ranch Rd.,Santa Fe Springs, CA,90670,www.pdeinc.com
"Mangan, Inc.",(310) 241-6002 ,1500 W. Carson St.,Long Beach, CA,90810,Manganinc.com
Hollywood Electricians,(322) 467-2926,4301 Clarissa Ave.,Los Angeles, CA,90027,HWDELECTRICIANS.COM
Electro Construction Corp,(323) 660-4141,3021 Rowena Ave.,Los Angeles, CA,90039,www.electroconstruction.com
CAM Construction,(310) 322-7070,310 E. Imperial Ave.,El Segundo, CA,90245,www.cam-constructioninc.com
ACS Group,(562) 464-0880,8531 Wellsford Pl.,Santa Fe Springs, CA,90670,www.acsgroup-usa.com
MAP Solar,(310) 753-7040,10845 Garfield Ave.,Culver City, CA,90230,mapsolar.net
IntelliWorx Systems Inc.,(310) 937-7321,2110 Artesia Blvd.,Redondo Beach, CA,90278,www.intelliworx.net
"Engelbach Electric, Inc.",(562) 420-6476,4701 E. Greenmeadow Rd.,Long Beach, CA,90808,www.engelbachelectric.com
Bonterra,(310) 339-4027,2711 N. Sepulveda,Manhattan Beach, CA,90266,www.bonterrasolar.com
RMS Solar,(424) 206-4461,1001 6th St.,Manhattan Beach, CA,90266,www.solar.rmsbuilding.com
"New Energy Construction, Inc.",(310) 621-1728,563 31st St.,Manhattan Beach, CA,90266,www.newenergyconstruction.com
California Solar Energy,(323) 478-0330,1562 North Ave. 46 ,Los Angeles, CA,90041,www.calsolarenergy.com
"Sunshine Solar, LLC",(310) 988-2878,4712 Admiralty Way,Marina Del Rey, CA,90292,www.venicesunshinesolar.com
OHR Energy,(562) 946-3381,13039 East Florence Ave.,Santa Fe Springs, CA,90670,www.ohrenergy.com
"Greenway Solar Electric, Inc.",(310) 439-1541,1219 Morningside Dr.,Manhattan Beach, CA,90266,www.Greenway-Solar.com
CBeyond Solar,(310) 622-4447,20707 Hawthorne Blvd.,Torrance, CA,90503,www.CBeyondSolar.com
Urban Energy,(562) 447-4971,6103 Elsa St.,Lakewood, CA,90713,www.urbanenergysolar.com
Alliance Energy Company,(626) 831-0818,131 Lime Ave.,San Gabriel, CA,91776,www.alliance-solar.com
"Penna Electric, Inc.",(310) 800-2401 ,112 Seaview St.,Manhattan Beach, CA,90266,www.pennaelectric.com
EcoLuminaireUSA,(626) 452-8833,2714 Stingle Ave.,Rosemead, CA,91770,www.ecoluminaireusa.com
Xero Solar,(310) 798-4828,1112 Ocean View Dr.,Manhattan Beach, CA,90266,www.xerosolar.com
Hyperion Solar,(310) 570-9611,9900 Durant Dr.,Beverly Hills, CA,90212,www.hyperionsolarinc.com
"AlertOne, Inc.",(760) 809-4151,13619 Terrace Ave.,Whittier, CA,90601,www.alertoneusa.com
Renewable Energy Advantage,(888) 416-1415,"1659 E, 28th St. ",Signal Hill, CA,90755,www.renewableusa.com
"City Light & Power, Inc.",(562) 216-2155,2961 Redondo Ave.,Long Beach, CA,90806,CLPINC.COM
Shining Light Electric,(310) 629-9362,5212 Parkcrest St.,Long Beach, CA,90808,ShiningLightElectric.com
Constant Solar Electric,(310) 694-5133,13101 W. Washington Blvd.,Los Angeles, CA,90066,www.constantsolar.com
"Solar Optimum, Inc",(818) 804-3122,1010 North Central Ave.,Glendale, CA,91202,www.solaroptimum.com
Martifer Solar USA,(310) 820-7080,2040 Armacost Ave.,Los Angeles, CA,90025,www.MartiferSolarUSA.com
"CONTI ELECTRIC, INC.",(702) 222-1200,11400 W. Olympic Blvd.,Los Angeles, CA,90064,www.contielectric.com
Sunsystem Solar,(800) 976-5271,13337 South St.,Cerritos, CA,90703,www.sunsystemsolar.com
Run on Sun,(626) 793-6025,655 S Raymond Ave.,Pasadena, CA,91105,www.runonsun.com
Empire Solar Solutions Inc.,(800) 786-1010,530 South Lake Ave.,Pasadena, CA,91101,www.empiresolar.com
"ABC Solar, Inc",(866) 407-6527,24454 Hawthorne Blvd.,Torrance, CA,90505,www.abcsolar.com
"Suntricity, Inc.",(310) 459-7062 ,8 Horizon Ave.,Venice, CA,90291,www.solarsuntricity.com
Solar One,(310) 701-1000,1310 Westwood Blvd.,Los Angeles, CA,90024,www.gosolaroneusa.com
Associated Community Solar Electric,(818) 378-1173,2000 W. Madison Ave.,Montebello, CA,90640,SolarSciences.biz
Power Electric & Construction,(626) 625-5200,2300 S. Sycamore Ave.,Los Angeles, CA,90016,powerelectricsolar.com
Feather River Solar Electric,(530) 284-7849 ,5575 Genessee Rd.,Taylorsville, CA,95983,www.frenergy.net
Madden Plumbing & Heating Company,(530) 283-1605,2289 E Main St.,Quincy, CA,95971,maddenplumbing.com
Desert Pro-Tech Screens,(619) 414-4531,,El Centro, CA,92243,desertprotech.com
"Campesinos Unidos, Inc.",(760) 344-4500,1535 Main St.,Brawley, CA,92227,www.brawley.cui.com
"Delbert Howards Building, Inc.",(530) 336-5172,829 Schnieder Ranch Rd.,Mcarthur, CA,96056,delberthowardsbuilding.com
Constant Energy Source,(530) 669-7989,30 Main St.,Woodland, CA,95695,
Nationwize Solar,(530) 796-2233,15839 County Road #43,Guinda, CA,95637,
All About Solar,(530) 668-0269,821 Sycamore Ln.,Woodland, CA,95695,
Solaron,(530) 750-0200,430 D St.,Davis, CA,95616,
Blue Oak Energy,(530) 747-2026,"1560 Drew Ave, ",Davis, CA,95618,
Pearce Heating & A/C Incorporated,(530) 795-4300,27990 County Road #90,Winters, CA,95694,
Urban Design Solar,(530) 345-0005,2260 Park Ave.,Chico, CA,95928,
Royal Aire,(530) 924-5765,2530 Zanella Way,Chico, CA,95928,wecareroyalaire.com
Diversified Builders,(530) 514-0758,,Paradise, CA,95967,diversified-builders.com
Oak Leaf Solar & Electrical,(530) 877-7685,5467 Skyway,Paradise, CA,95969,www.oakleafsolar.com
RA Power Solar & Electric,(530) 520-2276,,Forest Ranch, CA,95942,www.rapowerelectric.com
Egan Electric,(530) 345-7264,2625 Aztec Dr.,Chico, CA,95928,www.eganelectric.com
Energy Efficiently,(800) 681-2709,162 Artesia Dr.,Chico, CA,95973,www.energyefficiently.com
Green Construction Service,(530) 230-0656,11 Commerce Ct. ,Chico, CA,95928,www.greenconstructionservice.com
Asolia Inc.,(530) 643-7657,65 Hampshire Dr.,Chico, CA,95926,www.asolia.com
Revolve Solar,(530) 410-6566,574 Manzanita Ave.,Chico, CA,95926,revolvesolar.com
Urban Design Solar,(530) 345-0005,2260 Park Ave.,Chico, CA,95928,urbandesignsolar.com
Kelly Ridge Heating & Air Conditioning,(530) 589-9059,2 La Foret Ct.,Oroville, CA,95966,kellyridgehvac.com
Frank's Air Conditioning & Heating,(530) 877-8881,5655 Almond St.,Paradise, CA,95969,franksairconditioning.com
Chico Electric,(530) 924-5286,36 W. Eaton Rd.,Chico, CA,95973,chicoelectric.com
Sun First Inc.,(415) 458-5870,"3060 Kerner Blvd,",San Rafael, CA,94901,www.sunfirstsolar.com
"Northern Pacific Roofing, Inc.",(415) 456-3482,1312 Mission Ave.,San Rafael, CA,94901,www.northernpacificroofing.com
Green Planet Solar,(415) 485-4477,62 Belvedere St.,San Rafael, CA,94901,www.greenplanet-solar.com
Harney Lighting & Electric,(415) 454-7893,429 Irwin St.,San Rafael, CA,94901,www.harneyelectric.com
Electrix,(415) 485-0777,517 Jacoby St.,San Rafael, CA,94901,www.eltrx.com
Helbig Lighting Design & Electric,(415) 479-4662,454 Las Gallinas Ave.,San Rafael, CA,94903,Helbiglighting.com
Norcal PV LLC.,(415) 992-6326,14 Willow Ave.,Larkspur, CA,94939,www.norcalpv.com
REP Energy,(415) 385-4800,40 Mark Dr.,San Rafael, CA,94903,www.repenergy.com
"John Owens Services, Inc.",(415) 456-2906,177 Frustuck Ave.,Fairfax, CA,94930,johnowensservices.com
Synapse Electric,(415) 819-0692,35 Miller Ave.,Mill Valley, CA,94941,www.synapselectric.com
"Solarcraft Services, Inc.",(415) 382-7717,285 Bel Marin Keys Blvd. ,Novato, CA,94949,www.solarcraft.com
Sunterra Solar Inc.,(415) 883-6800,7 Commercial Blvd.,Novato, CA,94949,www.sunterrapower.com
Sierra Wind and Solar,(415) 407-8086,1249 Cambridge St.,Novato, CA,94947,sierrawindandsolar.com
Solwest Energy,(415) 609-2944,,Novato, CA,94948,solwestenergy.com
SESCO Electrical Inc,(510) 883-0988,1563 Solano Ave.,Berkeley, CA,94707,www.sescoelectrical.com
"Gilmore Solar, Heating & Air",(800) 200-9696,4429 Missouri Flat Rd.,Placerville, CA,95667,www.gilmoreinc.com
Straight Line Roofing and Construction,(530) 672-9995,4415 Commodity Way,Shingle Springs, CA,95682,straightlineconstruction.com
Carnahan Electric Ltd,(530) 642-2476,6391 Capitol Ave.,Diamond Springs, CA,95619,www.carnahanelectric.com
Sunbolt Energy Systems,(916) 941-8890,2012 Arroyo Vista Way,El Dorado Hills, CA,95762,Sunboltenergysystems.com
A 2 Z Energy,(530) 672-1595,,Shingle Springs, CA,95682,www.a2zenergy.com
Solar Hut,(530) 651-5111,1374 Broadway,Placerville, CA,95667,www.SolarHut.org
Ericson Solar,(530) 626-5497,2201 Holland Dr.,Placerville, CA,95667,ericsonsolar.com
Regional Builders Inc,(916) 933-0362,5047 Robert J. Mathews Pkwy. ,El Dorado Hills, CA,95762,www.trustrbi.com
California Energy Services,(916) 737-1107,4354 Town Center Blvd.,El Dorado Hills, CA,95762,calgreennrg.com
Premier Power Renewable Energy,(916) 939-0400,4961 Windplay Dr.,El Dorado Hills, CA,95762,www.PremierPower.com
"Roebbelen Contracting, Inc.",(916) 939-4000,1241 Hawks Flight Ct.,El Dorado Hills, CA,95762,www.roebbelen.com
Apex Solar Inc.,(916) 878-7723,4354 Town Center Blvd.,El Dorado Hills, CA,95762,www.apexsolarinc.com
Durant Construction,(925) 586-3590,902 Mount Casey Ct.,El Dorado Hills, CA,95762,durant-construction.com
MKS Electric and Solar Inc.,(530) 333-7503,7061 Isaiah Rd.,Georgetown, CA,95634,hotwirelectric.com
RCC Solar,(909) 981-7736,90 E. Stowell St.,Upland, CA,91786,www.RCCSolar.com
SOLARGEM,(909) 980-1800,11010 Arrow Rte.,Rancho Cucamonga, CA,91730,www.solargm.com
"Progressive Energy Solutions, Inc",(888) 603-4255,12189 7th St.,Yucaipa, CA,92399,PESIsolar.com
Smart Solar Power Inc.,(909) 797-7000,38648 Oak Glen Rd.,Yucaipa, CA,92399,padensolar.com
Paden Solar,(909) 258-5445,290 South D St.,San Bernardino, CA,92401,
Safeway Electric,(909) 824-6441,1474 N. Miller Dr.,Colton, CA,92324,www.safewaybsi.com
"Sea Bright Solar, Inc.",(909) 335-0820,390 Alabama St.,Redlands, CA,92373,www.seabrightsolar.com
Solar Universe - Bloomington,(877) 648-9786,2879 South Willow Ave.,Bloomington, CA,92316,solaruniverse.com
Del Sol Solar,(909) 803-0951,14200 Ross Ct.,Rancho Cucamonga, CA,91739,www.delsolsolar.com
Hubzone Corporation,(909) 484-0933,9300 Santa Anita Ave.,Rancho Cucamonga, CA,91730,www.hbzcorp.com
Solar Universe - Rancho Cucamonga,(909) 297-3626,9340 Santa Anita Ave. ,Rancho Cucamonga, CA,91730,solaruniverse.com
Live Wire Electric,(909) 528-4444,12941 2nd St.,Yucaipa, CA,92399,www.lwelectrical.com
"Nuvision Energy Solutions, Inc.",(909) 989-0077,9155 Archibald Ave.,Rancho Cucamonga, CA,91730,nuvisiones.com
"Scion Electric, Inc.",(909) 790-3860,36450 Cherrywood Dr.,Yucaipa, CA,92399,scionelectric.com
"ECOMAC Electric, Inc.",(626) 271-5459,6586 Kinlock Ave.,Rancho Cucamonga, CA,91737,www.ecomacelectric.com
Robko Construction Inc,(626) 340-8498,2232 South Vineyard Ave.,Ontario, CA,91761,www.SolarByRobko.com
1 Connector Electric,(909) 730-1940,8780 19th St.,Rancho Cucamonga, CA,91701,www.inlandempirehomesolar.com/
R U Solar Construction,(909) 635-4400,212 E. Holt Blvd.,Ontario, CA,91761,rusolar.com
"Fry Fire and Electric, Inc.",(909) 982-0125,1655 N. First Ave.,Upland, CA,91784,ecosunusa.com
ACA Solar,(909) 606-8000,13825 Magnolia Ave.,Chino, CA,91710,www.acasolar.com
Lyons & Company USA Inc.,(909) 579-0151,1939 11th St.,Upland, CA,91786,www.lyonsco.net
Day Solar,(855) 329-7652,12277 Apple Valley Rd.,Apple Valley, CA,92308,www.daysolarpower.com
"JK Solar Enterprises, Inc,",(760) 617-6856,13415 Prospector Rd.,Victorville, CA,92392,jksolar.net
Free Energy Construction,(760) 885-3109,3936 Phelan Rd.,Phelan, CA,92371,www.ferisolar.com
Desert Solar Construction,(760) 669-5460,13448 Manhasset Rd.,Apple Valley, CA,92308,www.desertsolar.org
Ludeckes Electrical Service,(909) 866-1900,,Big Bear City, CA,92314,www.ludecke-electric.com
"Hal Hays Construction, Inc.",(951) 788-0703,1835 Chicago Ave.,Riverside, CA,92507,www.halhays.com
"Lamb Energy, Inc",(951) 684-8500,3421 Gato Ct.,Riverside, CA,92507,www.lambenergy.com
Green Energy Solutions Inc.,(888) 602-0268,766 Palmyrita Ave.,Riverside, CA,92507,www.green-e-soltions.com
Inland Pacific Solar,(951) 784-9700,5051 Canyon Crest Dr. ,Riverside, CA,92507,www.inlandpacficsolar.com
High Light Electric Inc,(951) 352-9646,7000 Jurupa Ave. ,Riverside, CA,92504,www.hleincusa.com
Infinite Power,(951) 941-0941,3008 Floral Ave.,Riverside, CA,92507,infinite.power.tripod.com/
"Pacific Pro Solar Group, Inc.",(951) 689-0737,6892 Doolittle Ave.,Riverside, CA,92503,www.pacificprosolar.com
"PC Electric, Inc.",(951) 689-1430,6892 Doolittle Ave.,Riverside, CA,92503,www.pcelectricinc.com
Elite Electric Inc.,(951) 681-5811,9415 Bellegrave Ave.,Riverside, CA,92509,www.elite-electricinc.com
All Temperature Air & Solar,(951) 789-5560,9306 Narnia Dr.,Riverside, CA,92503,www.alltemperatureair.com
Aloha Systems Incorporated,(951) 780-9903,8539 Barnwood Ln.,Riverside, CA,92508,www.alohasys.com
"E.E. Electric, Inc.",(909) 829-7818,,Mira Loma, CA,91752,www.ee-electric.net
Power Link,(951) 567-4475,10044 Snipe Cir.,Moreno Valley, CA,92557,www.powerlinkservices.com
Frederick Richardson Construction,(951) 653-6132,,Moreno Valley, CA,92554,roofingandconstruction.com
Lusin Corporation,(951) 824-9057,18731 Oak Park Dr.,Riverside, CA,92504,www.lusin.com
Tenco Solar,(949) 795-3472,18713 Glass Mountain Dr.,Riverside, CA,92504,www.tenco.us
Magnolia Heating and Cooling,(951) 688-3524,6990 Jurupa Ave.,Riverside, CA,92504,www.maghvac.com
"MohrPower Solar, Inc.",(951) 736-2000,1452 Pomona Rd.,Corona, CA,92882,www.mohrpower.com
Horizon Solar Power,(951) 926-1176,7100 W. Florida Ave.,Hemet, CA,92545,www.horizonsolarpower.com
Champion Electric Inc,(951) 276-9619,3950 Garner Rd.,Riverside, CA,92501,www.championelec.com
Synergy Companies,(801) 226-7800,90 Business Park Dr.,Perris, CA,92571,www.synergycompanies.org
KB Home Coastal Inc.,(951) 691-5300,36310 Inland Valley Dr.,Wildomar, CA,92595,www.kbhome.com
Southland Solar,(951) 300-8354,,Riverside, CA,92517,www.SouthlandSolarNow.com
California Showcase Construction,(951) 682-0208,3130 Franklin Ave.,Riverside, CA,92507,calshowcase.com
Solar Smart Systems,(951) 205-0100,4500 Circle Lazy J. Rd.,Riverside, CA,92501,www.getsolarsmart.com
"Stronghold Engineering, Inc.",(951) 684-9303,2000 Market St.,Riverside, CA,92501,www.strongholdengineering.com
California Construction and Roofing Inc.,(800) 352-2639,2651 Avalon St.,Riverside, CA,92509,calroofsolar.com
"Green Solar Systems, Inc.",(951) 737-1700,670 East Parkridge ,Corona, CA,92879,www.greensolarinc.com
Solar Fuel,(951) 496-1075,7056 Archibald Ave.,Corona, CA,92880,www.solarfuelnow.com
Skyline Energy,(951) 543-7555,1047 Forester Dr.,Corona, CA,92880,www.skylineenergyusa.com
Sky Cell Solar,(951) 543-7555,1047 Forester Dr.,Corona, CA,92880,www.skycellsolar.com
Green Energy Systems,(714) 655-3888,2131 S. Belle Ave.,Corona, CA,92882,www.SolarPowerEngineerCorp.com
Moore Electrical Contracting,(951) 371-4202,463 N. Smith Ave.,Corona, CA,92880,www.MooreElectric.com
CFO Electric,(909) 553-5524,17130 El Mineral Rd.,Perris, CA,92570,www.cfoelectric.com
I.E.S. Residential,(281) 498-2212,2445 Railroad St.,Corona, CA,92880,www.ies-co.com
Complete Door & Trim,(951) 623-6461,728 Indigo St.,Beaumont, CA,92223,cleanairsolar.com
Sunrise Power Inc.,(951) 926-0200,32497 Highway 74,Hemet, CA,92545,www.sunrisepowerinc.com
"Positive Energy Solutions, Inc.",(855) 464-7652,29625 Desert Terrace Dr.,Menifee, CA,92584,www.smart2gosolar.com
Sunbelt Solar Systems,(951) 243-0434,26881 Prairie Dog Ln.,Moreno Valley, CA,92555,sunbeltsolarsystems.com
Khan Construction Co,(626) 922-9105,1825 Madera Cir.,Corona, CA,92879,www.khanconstruction.com
Infinity Power Solutions,(714) 921-8168,2440 North Glassell St.,Orange, CA,92865,infinitysolar.net
McCormack Roofing & Window Co,(714) 777-4044,1260 N. Hancock St.,Anaheim, CA,92807,www.mccormackroofing.com
Solagex America,(714) 765-2439,7373 Lincoln Way,Garden Grove, CA,92841,www.solagex.com
"Poweraid, Inc.",(949) 387-3998,18242 McDurmott W.,Irvine, CA,92614,www.poweraidus.com
GCI SOLAR,(714) 373-8544,15261 Connector Ln.,Huntington Beach, CA,92649,www.gcisolar.com
Letner Roofing Company,(714) 633-0030,1490 N. Glassell St.,Orange, CA,92867,www.letner.com
Peak Power Solutions,(714) 258-3900,1542 Edinger Ave.,Tustin, CA,92780,www.peakpowerus.com
Aikyum Solar,(949) 705-6797,1220 Roosevelt Rd.,Irvine, CA,92620,www.aikyum.com
Elite Home Energy,(714) 968-5304,10661 Ellis Ave.,Fountain Valley, CA,92708,www.elitehomeenergy.com
Swan Solar,(949) 309-3409,24512 Bridger Rd.,Lake Forest, CA,92630,www.swansolar.com
Integrated Energy System Ca Inc,(714) 771-9098,747 N Main St.,Orange, CA,92868,ie-systems.net
Verengo Solar Plus,(714) 453-2000,1211 N. Batavia St.,Orange, CA,92867,www.VerengoSolar.com
"Cira Energy, Inc.",(949) 233-1618,2031 E. Cerritos Ave.,Anaheim, CA,92806,ciraenergy.com
NaturEnergy,(949) 544-1734,2961 W. MacArthur Blvd.,Santa Ana, CA,92704,www.naturenergy.net
Progressive Power Group,(562) 430-2849,12601 Monarch St.,Garden Grove, CA,92841,www.ProPowerGroup.com
Vasco Solar Energy Construction,(714) 968-8845,9121 Atlanta Ave.,Huntington Beach, CA,92646,www.vascosolar.com
"Zeronet Energy Solutions, Inc.",(949) 584-7739,8961 Research Dr.,Irvine, CA,92618,znesolutions.com
"Smart Systems Technologies, Inc.",(949) 367-9375,9 Goodyear,Irvine, CA,92618,www.sstsun.com
Suntrek Industries,(949) 348-9276,5 Holland,Irvine, CA,92618,www.suntreksolar.com/
"Electronic Processing Technologies, LLC",(714) 840-1379,4494 Shorebird Dr.,Huntington Beach, CA,92649,www.electroprotech.com
RBT Electric,(800) 661-5006,2230 West Chapman Ave.,Orange, CA,92868,www.rbt-electric.com
"Solar Systems International, Inc.",(714) 639-0884,1235 Collins Ave.,Orange, CA,92867,www.solarsystemsintl.com
Laguna Integrated Energy Systems Inc.,(714) 771-9098,747 N. Main St.,Orange, CA,92868,ie-systems.net
"Orange County Electric, Inc.",(714) 883-0429,394 N. Rancho Santiago Blvd.,Orange, CA,92869,www.DoitRightSolar.com
"Sunstrand Energy, Inc.",(714) 838-9080,,Tustin, CA,92781,SunstrandEnergy.com
In Solar,(714) 385-1388,2125 E. Howell Ave. ,Anaheim, CA,92806,www.insolarco.com
Wilson Electric,(714) 842-9700,650 S Grand Ave.,Santa Ana, CA,92705,www.welightit.com
Solar Pros by Win-Dor,(714) 385-1202,2220 E. Orangewood Ave,Anaheim, CA,92806,www.windoronline.com
"Creo Electric, Inc.",(714) 973-9300,241 Wright St.,Santa Ana, CA,92705,creoelectric.com
Skywest Roofing,(714) 575-1131,2550 E. Mira Loma Way,Anaheim, CA,92806,www.skywestroofing.com
DePinho Roofing Inc.,(714) 632-7663,2832 N. Olive Ave.,Orange, CA,92865,depinhoroofing.com
"Stout & Burg Electric, Inc.",(714) 544-5066,15052 Red Hill Ave.,Tustin, CA,92780,www.sbeoc.com
Electrical Distribution Services Inc.,(714) 258-3900,1542 Edinger Ave.,Tustin, CA,92780,www.esdi-usa.net
SolarCity - Santa Ana,(855) 860-7652,2165 South Grand Ave.,Santa Ana, CA,92705,www.solarcity.com
A J Kirkwood & Associates Inc,(714) 505-1977,2752 Walnut Ave.,Tustin, CA,92780,www.ajk-a.com
Soltec EPC,(714) 630-3757,3911 E. La Palma Ave.,Anaheim, CA,92807,www.soltecenergies.com
Celebrity Solar,(714) 507-4422,1061 N Kraemer Pl.,Anaheim, CA,92806,www.CelebritySolar.us
Easton Pacific Alternate Energy Solutions,(949) 223-5090,1900 E. Warner Ave.,Santa Ana, CA,92705,www.eastonpacific.com
R-Link,(888) 416-1416 ,604 E. Dyer Rd.,Santa Ana, CA,92705,renewableusa.com
Kam Roofing,(714) 641-1440,2737 S. Coddy Way,Santa Ana, CA,92704,www.dkam.net
DLP Electric & Lighting,(714) 785-9712,,Irvine, CA,92623,www.dlpquality.com
Linnert Roofing Inc,(714) 779-6900,5200 E. Hunter Ave.,Anaheim, CA,92807,linnertroofing.com
DRI Energy,(949) 266-1900,17182 Armstrong Ave.,Irvine, CA,92614,www.dricompanies.com
Conclusive Corp.,(714) 632-8058 ,,Orange, CA,92807,www.conclusivecorp.com
Energy Acumen Solar,(714) 783-7680,5100 E. La Palma Ave.,Anaheim, CA,92807,www.energyacumen.com
Design Lighting Inc.,(714) 866-7979,12635 Main St.,Garden Grove, CA,92840,www.greenlightingdesigns.com
California Solar Systems,(855) 227-6527,1511 E. Orangethorpe Ave.,Fullerton, CA,92831,www.855casolar.com
Next Generation Solar Inc,(951) 385-0535,118101 Von Karman,Irvine, CA,92612,www.csbcinc.com
Kianga Solar Builders Inc.,(949) 379-8640,3700 South Susan St.,Santa Ana, CA,92704,www.kiangasolar.com
"Green Contractors, Inc.",(714) 662-2040,2781 W. MacArthur Blvd.,Santa Ana, CA,92704,www. greencontractorsinc.com
California State Building Contractors,(951) 385-0535,18101 Von Karman ,Irvine, CA,92612,www.csbcinc.com
Renew Solar Electric,(714) 823-3003,114271 Jeffrey Rd.,Irvine, CA,92620,www.orangecountysolar4u.com
"Ilkyung, Inc.",(714) 980-1799,1501 E. Orangethorpe Ave.,Fullerton, CA,92831,www.ilkyung.com
Cirus Development,(949) 852-5575,17300 Redhill Ave.,Irvine, CA,92614,www.modularlifestyles.com
Applied Solar Energy Solutions,(714) 871-1047,765 S. State College Blvd.,Fullerton, CA,92831,www.AppliedSES.com
Solarrus Corporation,(949) 954-8166 ,17872 Cartwright Rd.,Irvine, CA,92614,www.solarrus.com
New Gen Solar,(714) 606-7697,,Placentia, CA,92871,newgensolar.net
K&B Electric,(714) 434-1108,3260 S. Susan,Santa Ana, CA,92704,www.kbelect.com
David H. Neilson Construction Inc,(714) 879-5395,1451 E. Chapman Ave.,Fullerton, CA,92831,www.neilsonconstructioninc.com
"JBT Construction, Inc",(949) 336-4400,4500 Campus Dr.,Newport Beach, CA,92660,www.jbtconstruction.com
"David Crowell Electric, Inc.",(714) 444-3592 ,3100 Airway Ave.,Costa Mesa, CA,92626,www.davidcrowellelectric.com
"Jasana, Inc.",(949) 769-4315,3700 Campus Dr.,Newport Beach, CA,92660,
"Norwood Electrical Construction, Inc.",(714) 232-2946,8582 Washington Ave.,Midway City, CA,92655,www.norwood-inc.com
Dr. Kilowatt,(714) 378-9561,17870 Newhope St.,Fountain Valley, CA,92708,www.drkilowatt.com
Path Electrical Technologies,(714) 401-9301,16641 Landmark Ave.,Yorba Linda, CA,92886,Pathelectrical.com
Electrical Service Plus,(714) 213-8073,1244 Longview Dr.,Fullerton, CA,92831,www.electricalserviceplus.com
EG Electric,(714) 469-7336,7712 Vanguard Cir.,Garden Grove, CA,92841,EGElectricandSolar.com
Unleash Solar Electric,(949) 600-5015,4 Marconi,Irvine, CA,92618,www.unleashsolar.com/
Higgins Electric Inc,(714) 870-8520,2301 W. Olive Ave.,Fullerton, CA,92833,www.higginselectricinc.com
Murphy Electric Company,(877) 511-4796,1205 N. Knollwoor Cir.,Anaheim, CA,92801,www.diamondenergysol.com
"AAA Solar Electric, Inc.",(714) 998-3920,1182 North Knollwood Cir.,Anaheim, CA,92801,www.aaasolarelectric.com
Mehr Solar,(949) 759-0951,1133 Camelback ,Newport Beach, CA,92660,www.mehrSolar.com
"DTS Electric, Inc.",(714) 848-4313,16321 Gothard St.,Huntington Beach, CA,92647,www.dtselectric.com
Green Volt Energy,(714) 931-9224,3332 W. Stonybrook Dr.,Anaheim, CA,92804,GreenVoltEnergyCA.com
SSI Systems Inc.,(714) 899-8725,14726 Goldenwest St.,Westminster, CA,92683,ssisystemsinc.com
"Green Voltage Group, Inc.",(714) 255-1316,501 Mercury Ln.,Brea, CA,92821,www.greenvoltagegroup.com
Caliber Construction and Restoration Inc,(714) 529-1133,552 Loft S Brea Blvd.,Brea, CA,92821,www.GoCaliber.com
Carl L Gaw Contracting,(714) 523-5684,5662 Monticello Ave. ,Buena Park, CA,90621,
Sun Assets,(949) 209-7120,2020 federal Ave.,Costa Mesa, CA,92627,www.sunassetsca.com
"Certified Solar Pros, Inc.",(877) 277-7652,,Brea, CA,92821,certifiedsolarpros.com
TruePower Solar,(714) 676-8888,451 W Lambert Rd.,Brea, CA,92821,www.truepowersolar.com
OC Sunny,(877) 627-8669,19744 Beach Blvd.,Huntington Beach, CA,92648,www.OCSunny.com
ecoSolargy inc,(949) 777-6090,8835 Research Dr.,Irvine, CA,92618,www.ecosolargy.com/
"Solare Energy, Inc.",(858) 547-4300 ,9520 Padgett St.,San Diego, CA,92126,www.SolareEnergy.com
Home Energy Systems,(619) 692-2015,5980 Fairmount Ave.,San Diego, CA,92108,www.hessolar.com
Solaire Energy Systems,(619) 567-5366,4562 Alvarado Canyon Rd.,San Diego, CA,92120,www.gosolaire.com
"Ideal Plumbing, Heating, Air, and Electrical",(619) 583-7963,5161 Waring Rd.,San Diego, CA,92120,www.idealsvc.com
SolarCity - San Diego,(888) 765-2489,7895 Convoy Ct.,San Diego, CA,92111,www.solarcity.com
Sullivan Solar Power,(858) 271-7758,8949 Kenamar Dr.,San Diego, CA,92121,www.sullivansolarpower.com
Green Electric Solutions,(858) 212-1350,10606 Camino Ruiz ,San Diego, CA,92126,www.greenelectricsolutions.com
Dream Design Builders,(858) 674-9818,16990 Via Tazon ,San Diego, CA,92127,www.coolgreensolar.com
Baker Electric Solar,(760) 745-2001 ,1298 Pacific Oaks Pl.,Escondido, CA,92029,www.bakerelectricsolar.com
Solar Alliance,(619) 237-5258,981 Island Ave. ,San Diego, CA,92101,www.solarallianceofamerica.com
American River Electric,(858) 395-9911 ,12808 Texana St.,San Diego, CA,92129,www.americanriverelectricca.com
June Company,(619) 474-4477,2602 Transportation Ave.,National City, CA,91950,www.juneenergy.com
"California Coast Builders, Inc.",(858) 750-2777,2204 Garnet Ave.,San Diego, CA,92109,www.californiacoastbuilders.com
Jamar Power Systems,(619) 448-7770,9830 Prospect Ave. ,Santee, CA,92071,www.jamarpower.com
Natural Energy USA,(800) 576-7657 ,147 South Vinewood St.,Escondido, CA,92029,www.NaturalEnergyUSA.com
Mark Snyder Electric,(858) 748-4612,12900 Brookprinter Pl.,Poway, CA,92064,www.marksnyderelectric.com
Southwestern Solar Systems,(619) 334-3149,9302 Bond Ave.,El Cajon, CA,92021,www.southwesternsolarsystems.com
Hardy Solar,(619) 669-1995,15749 Lyons Valley,Jamul, CA,91935,hardysolar.com
Dynalectric Comapny,(858) 712-4700,9505 Chesapeake Dr.,San Diego, CA,92123,www.dyna-sd.com
SunFusion Solar Electric Inc,(858) 831-0003,6165 Agee St.,San Diego, CA,92122,www.sunfusionsolar.com
Mission Valley Roofing Inc.,(619) 449-9744,9908 Prospect Ave.,Santee, CA,92071,missionvalleyroofing.com
Nakhshab Development & Design Inc.,(619) 255-7257,1810 State St.,San Diego, CA,92101,www.nddinc.net
"Zus Solar & Wind, Inc",(858) 215-2155 ,,San Diego, CA,92177,www.zussolar.com
,,,, CA,,
"Forterre, Inc.",(618) 858-0930,,San Diego, CA,92138,forterre.com
California Solar Concepts,(858) 255-1062,2534 State St.,San Diego, CA,92101,casolarconcepts.com
"GM Renovations, Inc",(619) 838-5598,3758 Beta St.,San Diego, CA,92113,www.gmrenovationsco.com
"Borrego Solar Systems, Inc.",(888) 898-6273 ,5005 Texas St.,San Diego, CA,92108,www.borregosolar.com
Martin Roofing Co. Inc.,(619) 287-6860,6608 Federal Blvd.,Lemon Grove, CA,91945,www.martinroofing.net
"Calafata Construction & Electric, Inc",(619) 279-3006 ,5173 Waring Rd.,San Diego, CA,92120,www.calafata.com
Rader Electric Inc.,(619) 857-2277,3819 Strong Dr.,San Diego, CA,92111,raderelectric.com
E.L.HELTON CONTRACTING,(619) 608-8770,4967 71st St.,San Diego, CA,92115,elheltoncontracting.com
Empowered Energy Solutions Inc,(858) 292-6100,4542 Ruffner St.,San Diego, CA,92111,www.empoweredenergysolutions.com
Current Solar Contracting,(619) 272-0303,4060 Morena Blvd.,San Diego, CA,92117,www.CurrentSolarSd.com
Foshay Electric Co.,(858) 277-7676,7676 Engineer Rd.,San Diego, CA,92111,www.foshayelectric.com
Delta Solar Electric Inc.,(858) 488-4220 ,4203 Genesee Ave.,San Diego, CA,92117,www.deltasolarelectric.com
411GreenWave,(619) 231-4323 ,6154 Del Paso,San Diego, CA,92120,www.411greenwave.com
"Silverwood Energy,Inc.",(619) 501-2713,6716 Bestwood Ct.,San Diego, CA,92119,www.silverwoodenergy.com
Solar Universe of San Diego,(855) 737-8601,5125 Convoy St.,San Diego, CA,92111,www.solaruniverse.com
Solarium Energy,(619) 339-5775 ,7034 Convoy Ct.,San Diego, CA,92111,www.solariumenergy.com
Symons Electric Inc,(619) 741-6165,8732-B Central Ct.,Spring Valley, CA,91977,www.symonselectric.com
"Solar West Electric, Inc.",(858) 357-5758,2640 Financial Ct.,San Diego, CA,92117,www.solarwestelectric.com
Milholland Electric Inc.,(858) 541-1097,9169 Chesapeake Dr.,San Diego, CA,92123,www.milhollandelectric.com
Creative Electric,(858) 715-8359 ,8280 Clairemont Mesa Blvd. ,San Diego, CA,92111,www.gocreativeelectric.com
Zen Electric,(858) 869-7409,969 1/2 Agate St.,San Diego, CA,92109,zenelectric.net
Sun-Tricity Solar Power,(619) 894-5042,3637 Saddle Dr.,Spring Valley, CA,91977,www.sun-tricity.com
My Electrician Online,(619) 465-8057,5343 Wheaton St.,La Mesa, CA,91942,www.sun-tricity.com
Sunbolt Energy Solutions Inc,(619) 489-0048,555 Saturn Blvd.,San Diego, CA,92154,sunboltenergysolutions.com
Solar Now,619) 741-6534,8421 Dallas St.,La Mesa, CA,91942,www.evergreenplane.net
"Alltech Solar, Inc.",(858) 455-9292,4079 Governor Dr. ,San Diego, CA,92122,alltechusa.com
Samuels Electric Services,(619) 303-7584,4065 Conrad Dr.,Spring Valley, CA,91977,www.samuelselectric.com
San Diego Solar Install,(877) 600-7374,8231 Beaver Lake Dr.,San Diego, CA,92119,www.sandiegosolarinstall.com
Forward Electric,619) 274-5300,7005 La Jolla Blvd.,La Jolla, CA,92037,www.ForwardElectricSD.com
Modern Coatings,858) 454-3793 ,,La Jolla, CA,92039,moderncoatings.net
Brooks Technical Electrical,(619) 890-0759 ,2295 Needham St. ,El Cajon, CA,92020,www.brookstechnicalelectrical.com
Southwest Solar Guys Inc.,(858) 812-5605,4445 Eastgate Mall,San Diego, CA,92121,www.southwestsolarguys.com
G&G Electric,(619) 750-1830,3673 Avocado Village Ct.,La Mesa, CA,91941,www.ggelectric.org
"Helix Electric, Inc",(858) 535-0505 ,8260 Camino Santa Fe ,San Diego, CA,92121,www.helixelectric.com
ClarySolar,(858) 367-5959 ,10360 Sorrento Valley Rd.,San Diego, CA,92121,www.clarysolar.com
Hamann Construction,(619) 440-7424,1000 Pioneer Way,El Cajon, CA,92020,www.hamannco.com
Code 3 Electrical,(619) 270-9642,1900 Weld Blvd.,El Cajon, CA,92020,www.code3electrical.com
"Paul Davis Restoration of San Diego, Inc",(858) 560-0444,9767 Aspen Creek ,San Diego, CA,92126,www.pdr-sd.com
"Global Power Group, Inc.",619) 579-1221,202 Greenfield Dr.,El Cajon, CA,92020,www.globalpowergroup.net
Sunline Energy,(858) 997-2408 ,7945 Silverton Ave.,San Diego, CA,92126,www.sunlineenergy.com
Rock Electric Inc.,(858) 566-4449,7950 Silverton Ave.,San Diego, CA,92126,rockelectric.com
Lightning Solar,(619) 449-3649,9213 Dunbarton Rd.,Santee, CA,92071,www.lightningsolar.com
"Kenard Construction Company, Inc.",(619) 339-1549,1830 Gillespie Way,El Cajon, CA,92020,www.kenard.net
GRO Solar,(800) 374-4494,1365 N. Johnson Ave.,El Cajon, CA,92020,www.grosolar.com
"Built Green California, Inc.",(619) 398-6458,9520 Padgett St. ,San Diego, CA,92126,www.builtgreencali.com
"Synergy Electric Company, Inc.",(619) 596-7688,10740 Kenney St.,Santee, CA,92071,Synergyelectric.com
Schilling Paradise Corp.,(619) 449-4141,697 Greenfield Dr.,El Cajon, CA,92021,www.schilling-paradise.com
West Coast Solar,(619) 557-0446 ,10744 Prospect Ave.,Santee, CA,92071,www.westcoastsolar4u.com
Solar Tech International,(619) 743-9193 ,2541 Jamacha Rd.,El Cajon, CA,92019,www.solartechonline.com
STI Solar Electric Services,(858) 450-9700,6494 Weathers Pl.,San Diego, CA,92121,www.trainingforsolar.com
Effective Electric,(800) 931-2510 ,1810 Hillsdale Rd.,El Cajon, CA,92019,
Seal Electric,(619) 449-7323,1162 Greenfield Dr.,El Cajon, CA,92021,www.sealelectric.com
Socal Electric,(619) 449-9027,10965 Hartley Rd.,Santee, CA,92071,socalelectricinc.com
Countywide Mechanical Systems,(619) 449-9900 ,9330 Stevens Rd.,Santee, CA,92071,www.countywidems.com
Perkins Electrical,(619) 894-9512,1572 Villa Crest Dr.,El Cajon, CA,92021,perksolar.com
Energize The Experience Inc,(858) 947-5718,4814 Riding Ridge Rd.,San Diego, CA,92130,http://www.nrjiz.com 
Nealectric,(858) 513-2525,13250 Kirkham Way,Poway, CA,92064,www.nealelectric.com
Petersen Dean Roof/sol,1-877-552-4418,15261 Connector Ln.,, CA,,petersendean.com
GCI Solar,714-373-8544,,Ridgecrest, CA,93555,gcisolar.com
YouVee Solar,760-301-6677,144 E Emerson Ave.,Orange, CA,92865,youveesolar.com
Vaha Energy,,7850 White Ln.,Bakersfield, CA,93309,
Lunarium,,10911 Galwaybay Dr.,Bakersfield, CA,93311,
Southern Exposure Solar,860-347-4044,7111 Indiana Ave.,Riverside, CA,92504,southernexposuressolar.com
Smart One,1-800-801-0203,16029 Arminta St.,Vannuys, CA,91406,smartone.us
GH Solar,1-800-734-8820,,, CA,,ghsolarpanelsystem.com
Northwest Exteriors,800-510-0007,2391 Zanker Rd.,San Jose, CA,95131,northwestexteriors.com
Staten Solar,1-408-780-2889,,, CA,,statensolar.com
Sun Solar,661-379-7000,,, CA,,sunsolarpros.com
Complete Solar,877-299-4943,,El Dorado Hills, CA,95762,completesolar.com
Solar Norcal,916-400-1197,525 S Hewitt St.,Los Angeles, CA,90013,solarnorcal.com
Pick My Solar,888-454-9979,,, CA,,pickmysolar.com
Golden Gate Power Company,1-844-5447693,,, CA,,goldengatepower.com
Sun Work - non profit!!!!!,650-520-9918,185 Arkansas St.,San Francisco, CA,94107,sunwork.org
Sky Tech Solar,415-826-2503,201 Mission St.,San Francisco, CA,94105,skytechsolar.com
Sol Reliable,888-841-2256,,, CA,,solreliable.com
All Bay Solar,800-655-3090,,, CA,,allbaysolar.com
Free Energy Systems,800-804-7958,,, CA,,freeenergysystems.org
Bratton Solar,559-721-2144,1320 Potrero Ave.,San Francisco, CA,94110,brattonsolarinc.com
Luminalt,415-641-4000,6320 Canoga Ave.,Woodland Hills, CA,91367,luminalt.com
Solar Systems Inc,1-800-681-2480,,Oakland, CA,,solarsystemsinc.com
Alter Systems,510-868-0564,,, CA,,altersystems.com/solar
sunetric,808-262-6600,5982 Mission St.,San Francisco, CA,94112,sunetric.com
Occidental Power,415-681-8861,900 Petaluma Ave.,Sonoma, CA,95476,oxypower.com
Sunlight Electric,1-866-438-7652,,, CA,,sunlightelectric.com
Uptown Solar,866-391-5455,201 Mission St.,San Francisco, CA,94105,uptownsolar.com
S Power,415-692-7740,,, CA,,spower.com
Vista Solar,1-844-VISTA-NOW,2985 Kifer Rd.,Santa Clara, CA,95051,www.vista-solar.com
Highlight Solar,866-926-9997,1624 Remuda Ln.,San Jose, CA,95112,www.highlightsolar.com
PetersenDean Roofing & Solar Energy,877-552-4418,39300 Civic Center Dr.,Fremont, CA,94538,www.petersendean.com
Lifestyle Solar,559-228-0229,21 E Shaw Ave.,Fresno, CA,92710,www.lifestylesolarinc.com/
"Green Power Installers, Inc",408-615-1558,406 Marin Ave.,Santa Clara, CA,95050,www.greenpowerinstallers.com
Sunwork Renewable Energy Projects,650-520-9918,477 Valley Way,Milpitas, CA,95035,www.sunwork.org/
RA Tech Solar,408-209-8945,9157 El Verano Way ,Gilroy, CA,95020,ratechsolar.com
POCO Solar Energy,,3345 Keller St.,Santa Clara, CA,95054,
Solectric Electric,,,, CA,94306,http://www.solectric.com/
Harmony Solar,408-795-5952,17471 Farley Road W.,Los Gatos, CA,95030,www.harmonysolar.com
"Solar System, Inc",408) 260-9999,344 Saratoga Ave.,San Jose, CA,95129,no website found
Horizon Energy Systems,,,Los Gatos, CA,95032,www.hes.sg
"Frontier Solar, Inc",(408) 927-9335,5807 Winfield Blvd.,San Jose, CA,95123,(408) 927-9335
"Solgen, Inc",888-976-5436,1988 Bernice Way,San Jose, CA,95124,http://www.homepower.com/contractors/solgen-inc ; http://www.solgeninc.com
Clean Solar,"888 551-7652, (408) 790-2032",1445 Koll Cir.,San Jose, CA,95112,http://www.activesolar.us/
Slingshot Power,(800) 887-9414,164 Main St.,Los Altos, CA,94022,http://www.slingshotpower.com/
Affordable Solar Roofs,(408) 779-3333,15585 Monterey St.,Morgan Hill, CA,95037,no website found
Affordable Roofing and Solar,(408) 779-3333,16495 Vineyard Blvd.,Morgan Hill, CA,95037,http://www.affordableroofingandsolar.com/
Cinnamon Solar,?,1555 Dell Ave.,Campbell, CA,95008,no website found
Suntactics ,(408) 642-1249,943 Eden Ave.,San Jose, CA,95127,http://suntactics.com/
"All- Sol, Inc",?,1075 Belvedere Ln.,San Jose, CA,95129,no website found
Intellisolar,(877) 837-6527,5201 Great America Pkwy.,Santa Clara, CA,95054,no website found
Douglas Doherty Electric and Solar,MobilePhone: (408) 499-1307,1759 Guadalupe Ave.,San Jose, CA,95125,no website found
"23 Solar, Inc",?,1966 Linden Ln.,Milpitas, CA,95035,no website found
Adelbai Electric,(408) 628-0443,907 Sharmon Palms Ln.,Campbell, CA,95008,no website found
Earth Electric,(408) 609-0888,,San Jose, CA,95150,http://earth-electric.com/
BCC Solar,?,1590 Industrial Ave.,San Jose, CA,95112,?
K2 Solar,(408) 884-8276,115 Griffith Pl.,Los Gatos, CA,95030,?
K2 Solar Inc,(408) 894-9999,2391 Zanker Rd.,San Jose, CA,95131,http://k2solar.com/
"K 2 Solar, Inc",(408) 954-7377,,, CA,,http://k2solar.com/
Alternative Power and Electric,?,1398 Meadow Ridge Cir.,San Jose, CA,95131,?
Supreme Air Systems,(408) 444-8978,80 Gilman Ave.,Campbell, CA,95008,https://www.americanstandardair.com/how-to-buy/find-your-dealer/dealer-detail.html?id=5643
Fresco Solar,?,17415 Monterey Rd.,Morgan Hill, CA,95037,http://www.frescosolar.com/
Keen for Green,(408) 412-3300,111 North Market St.,San Jose, CA,95113,http://www.keenforgreen.com/san-jose
New Solar,(888) 886-0103,1525 McCarthy Blvd.,Milpitas, CA,95035,http://www.newsolarinc.com/
"Solexel, Inc",(408) 240-3800,1530 McCarthy Blvd.,Milpitas, CA,95035,http://www.solexel.com/
Sunstar Energy,800-673-1003,1130 Wilderfield Rd.,Los Gatos, CA,95033,http://www.sunstarenergy.com/
Ken's Solar and Heating,"(408) 559-8111; 
(408) 871-8757",190 Dillon Ave.,Campbell, CA,95008,http://kenssolarheating.com/
"First Solar, Inc",(408) 383-9491,2161 Otoole Ave.,San Jose, CA,95131,no website found
"Valley Heating, Cooling, Electrical, Solar",(408) 294-6290,1171 N. 4th St.,San Jose, CA,95112,http://www.valleyheating.com/
Green Horizons Wind- OUT OF BUSINESS,,,, CA,,
Burnham Energy Inc/ Burnham Nationwide,(408) 418-1880,4 North Second St.,San Jose, CA,95113,http://www.burnhamnationwide.com/
All Seasons Roofing and Solar,(408) 827-1491,1720 Smith Ave.,San Jose, CA,95112,http://www.allseasonsroof.com/
Dz Construction,(408) 446-5208,5339 Prospect Rd.,San Jose, CA,,http://dzconstruction.com/
Custom Design Technology Inc,(408) 982-0990,1112 Walsh Ave.,Santa Clara, CA,,http://cdtechnology.com/
Solar Breeze Technologies,(408) 257-6527,19925 Stevens Creek Blvd.,Cupertino, CA,95014,http://www.solarbt.com/
Comfort Zone Mechanical Air,(408) 263-3100,1004 Hanson Ct.,Milpitas, CA,95035,http://comfortzone-air.com/
Your Energy Solutions,888-888-0711,6700 Santa Rita Rd.,Pleasanton, CA,94588,http://www.yourenergysolutions.com/
Save A Lot Solar,(510) 332-4971,6114 La Salle Ave.,Oakland, CA,94611,http://www.savealotsolar.com/
Pacific Solar Energy,(925) 600-0074,1257 Quarry Ln.,Pleasanton, CA,94566,no website found
"Alter Systems, LLC.",510-868-0564,2313 4th St.,Berkeley, CA,94710,http://altersystems.com/solar/
Sustainable Technologies,(510) 523-1122,1800 Orion St.,Alameda, CA,94501,http://sustech.cc/wordpress/
Cal Solar Works,(650) 814-7229,4975 Richland Ter.,Fremont, CA,94545,no website found
Super Solar,(510) 339-1865,294 Pershing Dr.,Oakland, CA,94611,no website found
Sierra Pacific Home and Comfort,(916) 476-8573,2550 Mercantile Dr.,Rancho Cordova, CA,95742,http://www.sierrapacifichome.com/
Yancey Roofing,(916) 318-8022,8250 Alpine Ave.,Sacramento, CA,95826,http://www.yanceyroofing.com/
Yancey Home Improvement,"916-800-5305
916-387-6900",3,, CA,,http://www.yanceyhomeimprovements.com/
McDonald Plumbing Heating and Air,(916) 436-3275,3618 Broadway,Sacramento, CA,95817,http://mcdonaldphac.com/yp-local/
Wise Choice Solar,916-273-8199,,Rocklin, CA,95677,http://www.wisechoicesolar.com/
Calseia,(916) 228-4566,1107 9th St.,Sacramento, CA,,http://calseia.org/
Independent Energy Producors ,(916) 448-9499; (916) 503-7723; (415) 847-4079,1215 K St.,Sacramento, CA,95814,http://iepa.com/
Solar Connector ,(916) 796-9615,1809 S St.,Sacramento, CA,95811,http://www.getfelix.com/p/superpages/solar-connector-sacramento-california14.html
"Renewable Energy Concepts, Inc",(916) 922-7657,,Sacramento, CA,95814,no website found
Krannich Solar,(916) 333-3479,230 Harris Ave.,Sacramento, CA,95838,http://usa.krannich-solar.com/
Ygrene Energy Fund California,(916) 444-9700,2600 Capitol Ave.,Sacramento, CA,95816,https://ygreneworks.com/
Frontier Wind,(916) 928-9732,1166 National Dr.,Sacramento, CA,95834,http://frontierwind.com/
Roseville Solar Electric,(916) 641-6977,1520 Main Ave.,Sacramento, CA,95838,http://www.rosevillesolar.com/
Aquarius Pool and Spa Service,(925) 464-1395,1822 Mt Diablo Blvd.,Walnut Creek, CA,94596,http://www.poolspapros.com/
CE Sol Solutions,(925) 457-2385; (877) 322-9990,,Walnut Creek, CA,94596,no website found
Sunlogic,(925) 588-7000,1501 N Broadway,Walnut Creek, CA,94596,http://www.sunlogicsolar.com/
Your Energy Ally,(925) 335-6447,1528 Brooks St.,Walnut Creek, CA,94596,http://www.yourenergyally.org/
American Solar Connection,(925) 705-75235,1136 Saranap Ave.,Walnut Creek, CA,94595,http://www.americansolarconnection.com/
Solar-Chek Co,(925) 939-2071,,Walnut Creek, CA,94597,http://www.solarchekcompany.com/
Madigan Solar Technologies Co,(925) 945-7451,,Walnut Creek, CA,94595,7
Keen for Green,(925) 300-4223,1990 North California Blvd.,Walnut Creek, CA,94596,http://www.keenforgreen.com/solarinstallerswalnutcreekca
Nu-Tech Energy Prodcuts Hagler Sales,(925) 933-7691,,Walnut Creek, CA,94597,no website found
Bratton Solar/ Braton- YP,559-721-2144,2763 N Arglye Ave.,Fresno, CA,93727,http://aztecsolar.com/
LifeStyle Solar Inc,(559) 228-0229,21 E Shaw Ave.,Fresno, CA,93710,http://lifestylesolarinc.com/
Energy House,(559) 389-7594,122 E Bullard Ave.,Fresno, CA,93710,http://www.energyhousefresno.com/cgi-sys/suspendedpage.cgi
American Sheet Metal,(559) 666-1741,1930 W Whites Bridge Ave.,Fresno, CA,93706,http://www.americansheetmetalhvac.com/
Donald P Dick Air Conditioning,(559) 549-9208,1390 N Sierra Vista Ave.,Fresno, CA,93703,http://www.mrcool4ac.com/
Solartech Energy,(559) 478-5560,385 N Blackstone Ave.,Fresno, CA,93701,no website found
Solar Clean,(559) 255-3200,1455 Van Ness Ave.,Fresno, CA,93721,no website found
California Solar,(559) 297-6527,1713 Tulare St.,Fresno, CA,93721,http://gocaliforniasolar.net/
"Solar Service Center, Inc",(559) 496-0981,2678 E Byrd Ave.,Fresno, CA,93706,no website found
A-C Solar,(855) 800-7652,2560 S East Ave.,Fresno, CA,93706,no website found
Solar National,(855) 901-9580,no address listed,, CA,,http://newsolarnational.com/
Integrity Heating Air Conditioning and Solar,(530) 638-4737,no address listed,, CA,,http://www.integrityhvac.com/
Wing Solar and Wood Energy,(530) 527-0557,no address listed,, CA,,http://wingsolar.net/
Solar Connector,(855) 548-8765,no address listed,, CA,,no website found
Ramsay Electric,(541) 772-1398,no address listed,, CA,,http://www.ramsayelectric.com/
Not On My Roof- Solar Structures,(530) 347-5773,,Cottonwood, CA,96022,http://www.nortonmyroof.com/
"Revolve Solar, CA Inc",(530) 410-6566,no address listed,, CA,,http://www.revolvesolar.com/
Solar Universe Redding,(530) 722-4284,20275 Skypark Dr.,Redding, CA,96002,https://repower.solaruniverse.com/
PowerHouse Solar,(530) 999-2978,4616 Caterpillar Rd.,Redding, CA,96003,http://powerhousesolar.com/
B & B Solar,(530) 776-9022,21121 Scheer Dr.,Redding, CA,96002,http://www.bnbsolar.com/
Advance Power Redding,(530) 338-3156,843 N Market St.,Redding, CA,96003,http://www.advancepower.net/
"Top Hat Energy, Inc",(800) 337-6495,2520 Tarmac Rd.,Redding, CA,96003,http://www.tophatenergy.com/
California Solar Company- 29 Solar,(559) 297-6527,14642 Highway #41,Madera, CA,93636,http://gocaliforniasolar.net/
BTA Solar,(209) 483-2991,,Madera, CA,,http://www.btasolar.com/
Solahart Services,(209) 390-0706,,Madera, CA,,http://aztecsolar.com/
Go American Solar,(866) 495-2165,,Madera, CA,,https://local.yp.com/Service/Solar-panel-rebates-for-your-home/13586879
Green Solar Technologies,(866) 313-3368,,Madera, CA,,https://local.yp.com/Service/Save-Money-On-Power-And-Go-Solar/13585808
Solar National,(855) 901-9580,,Madera, CA,,http://newsolarnational.com/
Renewable Solar Energy,559-772-8261,211 E 7th St.,Hanford, CA,93230,http://www.renewablesolarenergy.us/
Diamond Shine,559-697-0001,,Hanford, CA,93230,no website found
BTA Solar,209-483-2991,,Hanford, CA,,http://www.btasolar.com/
Solahart Services,209-390-0706,,Hanford, CA,,vhttp://aztecsolar.com/
Go American Solar,866-495-2165,,, CA,,
Dominion Solar Gen Tie,559-924-2779,15515 21st Ave.,Lemoore, CA,93245,no website found
1st Solar,559-947-3614,350 D St.,Lemoore, CA,93245,no website found
Avenal Solar Holdings,559-386-9455,,Avenal, CA,93204,no website found
Myles Davis Electric,707-341-0962,3041 California Blvd.,Napa, CA,94558,http://www.mylesdaviselectric.com/
Solar Scott Alternative Energy,707-363-2057,,Napa, CA,94559,no website found
Thern Electric and Solar,707-252-8572,1700 2nd St.,Napa, CA,94559,http://www.thernelectric.com/
Napa Solar Electric ,707-695-1283,1323 El Capitan Way,Napa, CA,94558,http://napasolarinc.com/
Solar Cleanz,707-501-3108,3776 Dover St.,Napa, CA,94558,no website found
Recolte Energy,707-968-5097,410 Lafata St.,Saint Helena, CA,94574,http://www.recolteenergy.com/
Reliable Plumbing,707-385-0301,,Saint Helena, CA,,http://www.reliableplumbingnorthbay.com/
Green Solar Technologies,888-313-3368,,, CA,,
Quality Heating and Air Conditioning,707-337-3572,,Napa, CA,94558,no website found
SolarCraft,707-778-0568,414 W Napa St.,Sonoma, CA,95476,http://www.solarcraft.com/
Geo's Pool Spa and Solar Company,707-938-5264,21600 8th St.,Sonoma, CA,95476,http://www.geospss.com/
Earthstar Solar and Electric,707-933-1510,170 Malet St.,Sonoma, CA,95476,http://earthstarelectric.com/
Tucker Electric,707-944-4433,,Yountville, CA,94599,no website found
Solar National,855-901-9580,,, CA,,
Six Rivers Solar,707-443-5652,818 Broadway,Eureka, CA,95501,http://sixrivsolar.com/
Madrone Homestead Services,707-616-7864,185 Spruce St.,Eureka, CA,95503,no website found
J & M Electric,707-443-8108,7785 Zanes Rd.,Eureka, CA,95503,no website found
Roots Power,707-441-9436,1453 Gibson Dr.,Eureka, CA,95503,http://nilsencompany.com/
Go American Solar,866-495-2165,,, CA,,
A & M Renewable Energy ,707-785-4022,3215 Q St.,Eureka, CA,95503,no website found
Gala Energy Systems,877-424=2776,107 M St.,Eureka, CA,95501,no website found
Smart Gas and Electric,707-443=5652,818 Broadway,Eureka, CA,95501,no website found
Bob White Electric,707-443-1511,4380 Excelsior Rd.,Eureka, CA,95503,no website found
Solar Energy Designers,760-258-1469,2681 W Line St.,Bishop, CA,93514,no website found
Glenn Mort Electric,760-872-9260,1691 Shoshone Dr.,Bishop, CA,93514,no website found
Renewables West,800-498-0774,,, CA,93562,http://www.renewableswest.com/
Golden State Solar Power Inc,805-798-3635,8012 N Bull Ruin St.,Inyokern, CA,93527,http://www.goldenstatepower.com/
Coverts Pump Service,530-292-9355,,Sierra City, CA,,http://www.covertspump.com/
,805-798-3635,8012 N Bull Ruin St Inyokern,CA 93527, CA,#REF!,http://www.goldenstatepower.com/
,530-292-9355,Serving the Sierra City Area,#REF!, CA,#REF!,http://www.covertspump.com/
,,,, CA,,
,,,, CA,,
,,,, CA,,